City_ID,City,Country,Lat,Lng,Max Temp,Humidity,Cloudiness,Wind Speed,Current Description
0,Saint Anthony,US,45.0205,-93.218,21.9,86,100,9.22,snow
1,Coahuayana,MX,18.7333,-103.6833,74.17,87,1,3.49,clear sky
2,Lagunas,PE,-5.2269,-75.6753,67.73,99,97,1.68,overcast clouds
3,Rikitea,PF,-23.1203,-134.9692,73.89,90,100,20.78,moderate rain
4,Pevek,RU,69.7008,170.3133,-2.69,99,97,5.06,overcast clouds
5,Libas,PH,9.8833,125.9833,76.75,89,100,6.24,moderate rain
6,Punta Arenas,CL,-53.15,-70.9167,46.51,76,0,6.91,clear sky
7,Mataura,NZ,-46.1927,168.8643,58.48,89,97,3.47,light rain
8,Jamestown,US,42.097,-79.2353,32.02,77,100,16.11,light snow
9,Albany,US,42.6001,-73.9662,36.57,89,63,7.58,broken clouds
10,Pontianak,ID,-0.0333,109.3333,78.78,94,75,6.91,light rain
11,Madang,PG,-5.2246,145.7966,85.44,69,100,7.9,overcast clouds
12,Bethel,US,41.3712,-73.414,39.51,73,0,8.05,clear sky
13,Yellowknife,CA,62.456,-114.3525,5.56,92,75,3.44,broken clouds
14,Gamba,GA,-2.65,10.0,74.43,91,99,7.94,light rain
15,Port Lincoln,AU,-34.7333,135.8667,63.81,60,3,16.49,clear sky
16,Mogadishu,SO,2.0371,45.3438,84.07,84,75,11.5,broken clouds
17,Bluff,NZ,-46.6,168.3333,58.8,95,99,14.81,overcast clouds
18,Tezu,IN,27.9167,96.1667,78.19,30,6,3.51,clear sky
19,Vaini,TO,-21.2,-175.2,78.96,78,75,2.3,light intensity shower rain
20,Mabaruma,GY,8.2,-59.7833,73.87,96,100,1.74,overcast clouds
21,Colac,AU,-38.3333,143.5833,61.18,71,100,2.93,overcast clouds
22,Tanta,EG,30.7885,31.0019,63.27,69,1,5.37,clear sky
23,Busselton,AU,-33.65,115.3333,62.87,55,79,20.18,broken clouds
24,Vao,NC,-22.6667,167.4833,76.68,84,95,11.81,overcast clouds
25,Aklavik,CA,68.2191,-135.0107,6.93,77,66,4.03,broken clouds
26,New Richmond,US,45.123,-92.5366,22.44,93,100,3.44,overcast clouds
27,Sao Filipe,CV,14.8961,-24.4956,76.62,71,69,3.74,broken clouds
28,Ushuaia,AR,-54.8,-68.3,53.26,28,0,9.22,clear sky
29,Bredasdorp,ZA,-34.5322,20.0403,62.51,57,99,5.48,overcast clouds
30,Hilo,US,19.7297,-155.09,73.13,91,100,1.99,overcast clouds
31,Oistins,BB,13.0667,-59.5333,80.69,83,40,13.8,scattered clouds
32,Cape Town,ZA,-33.9258,18.4232,65.37,65,20,17.27,few clouds
33,Nanortalik,GL,60.1432,-45.2371,19.24,74,13,20.36,few clouds
34,Caravelas,BR,-17.7125,-39.2481,71.53,96,100,4.29,light rain
35,Butaritari,KI,3.0707,172.7902,81.7,77,42,12.86,scattered clouds
36,Mahon,ES,39.8885,4.2658,66.76,72,20,11.5,few clouds
37,Kapaa,US,22.0752,-159.319,75.52,81,20,13.8,few clouds
38,Airai,TL,-8.9266,125.4092,75.6,54,91,3.49,overcast clouds
39,Corinto,GR,37.9407,22.9573,65.89,71,71,5.37,broken clouds
40,Valdivia,CL,-39.8142,-73.2459,50.09,92,82,0.87,broken clouds
41,Mar Del Plata,AR,-38.0023,-57.5575,62.83,87,100,5.99,light rain
42,Carnarvon,AU,-24.8667,113.6333,69.35,54,50,19.28,scattered clouds
43,Kidal,ML,18.4411,1.4078,65.05,21,36,8.61,scattered clouds
44,Karratha,AU,-20.7377,116.8463,79.48,44,19,21.09,few clouds
45,Jati,PK,24.3539,68.2671,85.51,31,0,1.77,clear sky
46,Qaanaaq,GL,77.484,-69.3632,-8.05,84,98,5.17,overcast clouds
47,Bundaberg,AU,-24.85,152.35,80.22,37,84,4.0,broken clouds
48,Shimoda,JP,34.6667,138.95,62.96,54,84,5.93,broken clouds
49,Kijang,KR,35.2442,129.2139,64.13,40,100,2.71,overcast clouds
50,Bandarbeyla,SO,9.4942,50.8122,81.45,62,5,15.79,clear sky
51,Muros,ES,42.7762,-9.0603,59.09,82,98,18.39,overcast clouds
52,Port Shepstone,ZA,-30.7414,30.455,71.62,74,83,5.73,broken clouds
53,Bahia Blanca,AR,-38.7196,-62.2724,63.28,71,40,5.01,scattered clouds
54,Orje,NO,59.4802,11.6602,33.37,82,99,9.48,overcast clouds
55,Aguimes,ES,27.9054,-15.4461,69.66,49,0,9.22,clear sky
56,Castro,BR,-24.7911,-50.0119,51.39,88,1,5.84,clear sky
57,Kizlyar,RU,43.8469,46.715,49.15,82,100,5.1,overcast clouds
58,Bonavista,CA,48.6499,-53.1147,33.3,79,99,6.33,light snow
59,Henties Bay,NA,-22.116,14.2845,60.58,88,40,1.34,scattered clouds
60,Los Llanos De Aridane,ES,28.6585,-17.9182,67.12,28,0,9.22,clear sky
61,Luangwa,ZM,-15.6167,30.4167,84.92,47,39,7.14,scattered clouds
62,Baykit,RU,61.67,96.37,-2.45,92,27,3.09,scattered clouds
63,Port Elizabeth,ZA,-33.918,25.5701,67.1,75,0,17.0,clear sky
64,Whitehorse,CA,60.7161,-135.0538,16.57,92,100,10.36,overcast clouds
65,San Patricio,US,28.017,-97.5169,52.84,60,100,8.61,overcast clouds
66,Bavleny,RU,56.4,39.56,23.49,90,100,6.35,overcast clouds
67,Nova Gradiska,HR,45.255,17.3831,48.09,94,74,0.22,broken clouds
68,Leningradskiy,RU,69.3833,178.4167,6.03,95,99,2.17,overcast clouds
69,Singapore,SG,1.2897,103.8501,87.75,67,75,4.61,broken clouds
70,Hilton Head Island,US,32.2163,-80.7526,48.97,81,0,8.05,clear sky
71,Thongwa,MM,16.7619,96.5278,89.76,56,71,5.55,broken clouds
72,Mount Isa,AU,-20.7333,139.5,87.57,19,63,10.36,broken clouds
73,Awjilah,LY,29.1081,21.2869,60.91,40,0,11.5,clear sky
74,Klamath Falls,US,42.2249,-121.7817,30.87,86,0,3.44,clear sky
75,Turayf,SA,31.6725,38.6637,48.45,100,20,4.61,few clouds
76,Torbay,CA,47.6666,-52.7314,34.75,84,100,10.36,overcast clouds
77,Iralaya,HN,15.0,-83.2333,78.87,85,89,9.57,light rain
78,Cidreira,BR,-30.1811,-50.2056,63.68,64,0,3.62,clear sky
79,Roma,US,43.2128,-75.4557,36.36,94,100,5.75,light snow
80,Ribeira Grande,PT,38.5167,-28.7,61.77,62,63,7.0,broken clouds
81,Tuktoyaktuk,CA,69.4541,-133.0374,15.8,73,0,10.36,clear sky
82,Salisbury,GB,51.0693,-1.7957,48.02,89,100,16.11,overcast clouds
83,Campbell River,CA,50.0163,-125.2446,38.44,100,100,2.3,fog
84,Harlingen,US,26.1906,-97.6961,48.11,95,100,16.11,light rain
85,Mahebourg,MU,-20.4081,57.7,78.26,57,75,3.44,broken clouds
86,Hobart,AU,-42.8794,147.3294,62.28,63,20,18.41,few clouds
87,Morant Bay,JM,17.8815,-76.4093,78.37,85,74,9.24,broken clouds
88,Te Anau,NZ,-45.4167,167.7167,56.14,95,100,3.53,overcast clouds
89,Longyearbyen,SJ,78.2186,15.6401,22.84,68,40,10.36,scattered clouds
90,Vaitape,PF,-16.5167,-151.75,79.92,70,100,0.85,overcast clouds
91,Kavieng,PG,-2.5744,150.7967,84.07,71,93,8.12,light rain
92,Barrow,US,71.2906,-156.7887,24.82,74,0,16.11,clear sky
93,Port Alfred,ZA,-33.5906,26.891,67.17,83,88,3.0,overcast clouds
94,Avarua,CK,-21.2078,-159.775,73.45,78,35,9.22,scattered clouds
95,San Carlos De Bariloche,AR,-41.1456,-71.3082,46.15,71,0,5.75,clear sky
96,Lompoc,US,34.6391,-120.4579,53.58,73,0,9.22,clear sky
97,Nikolskoye,RU,59.7035,30.7861,35.49,96,100,7.61,light snow
98,Sitka,US,57.0531,-135.33,42.69,81,0,3.44,clear sky
99,Saskylakh,RU,71.9167,114.0833,-28.55,99,100,3.67,overcast clouds
100,Canutama,BR,-6.5339,-64.3831,72.61,96,88,0.92,overcast clouds
101,Setermoen,NO,68.861,18.3486,30.43,39,13,7.78,few clouds
102,Taganak,PH,6.0833,118.3,84.34,73,100,10.83,overcast clouds
103,Verkhnevilyuysk,RU,63.4453,120.3167,7.63,96,100,1.95,overcast clouds
104,Hermanus,ZA,-34.4187,19.2345,61.23,64,95,7.29,overcast clouds
105,Atuona,PF,-9.8,-139.0333,78.12,75,13,16.35,few clouds
106,Korla,CN,41.7597,86.1469,44.01,42,100,7.92,overcast clouds
107,Ikom,NG,5.9667,8.7063,73.26,92,98,1.28,overcast clouds
108,Ixtapa,MX,20.7,-105.2,73.22,81,2,3.0,clear sky
109,Maragogi,BR,-9.0122,-35.2225,75.67,85,45,5.88,scattered clouds
110,Ponta Do Sol,PT,32.6667,-17.1,69.71,84,88,6.73,overcast clouds
111,Japura,ID,-0.3167,102.35,90.05,52,100,6.76,moderate rain
112,Saint-Philippe,RE,-21.3585,55.7679,78.39,65,23,7.29,few clouds
113,Kutum,SD,14.2,24.6667,62.13,29,36,7.63,scattered clouds
114,New Norfolk,AU,-42.7826,147.0587,60.91,45,90,1.99,overcast clouds
115,Cayenne,GF,4.9333,-52.3333,75.24,94,0,0.0,clear sky
116,Tasiilaq,GL,65.6145,-37.6368,39.36,95,100,22.95,light rain
117,Bichena,ET,10.45,38.2,57.76,46,33,5.17,scattered clouds
118,Cururupu,BR,-1.8283,-44.8683,74.95,89,96,3.36,overcast clouds
119,Keti Bandar,PK,24.1447,67.4497,83.57,48,0,5.48,clear sky
120,Iqaluit,CA,63.7506,-68.5145,10.13,85,100,10.36,light snow
121,Pechenga,RU,69.5259,31.1703,23.95,78,59,5.59,broken clouds
122,Murwara,IN,23.85,80.4,77.32,40,0,8.9,clear sky
123,Sedalia,US,38.7045,-93.2283,21.33,86,0,5.75,clear sky
124,Bud,US,39.447,-86.1758,30.9,83,84,13.73,broken clouds
125,Straumen,NO,63.8709,11.2999,30.2,60,1,4.45,clear sky
126,Victoria,HK,22.2855,114.1577,86.18,78,25,5.99,scattered clouds
127,Bijie,CN,27.3125,105.2942,62.47,61,79,12.48,broken clouds
128,Merauke,ID,-8.4667,140.3333,84.33,73,100,6.11,moderate rain
129,Tignere,CM,7.3667,12.65,67.06,47,46,1.63,scattered clouds
130,Mattru,SL,7.6244,-11.8332,70.54,97,40,2.24,scattered clouds
131,Ewa Beach,US,21.3156,-158.0072,76.98,67,0,8.05,clear sky
132,Lalsot,IN,26.5667,76.3333,76.55,23,0,5.19,clear sky
133,Georgetown,MY,5.4112,100.3354,87.75,81,20,9.22,few clouds
134,Taoudenni,ML,22.6783,-3.9836,68.41,21,0,6.46,clear sky
135,Tiksi,RU,71.6872,128.8694,-16.02,99,99,4.81,overcast clouds
136,Elat,IL,29.5581,34.9482,60.64,77,59,4.61,haze
137,Arlit,NE,18.7369,7.3853,65.48,21,37,4.79,scattered clouds
138,Khatanga,RU,71.9667,102.5,-29.02,100,94,6.76,overcast clouds
139,Dombarovskiy,RU,50.7587,59.5386,24.89,87,91,7.45,overcast clouds
140,Mangan,IN,27.5167,88.5333,70.9,50,33,7.52,scattered clouds
141,Codrington,AU,-38.2667,141.9667,58.15,68,55,11.21,broken clouds
142,Sorland,NO,67.667,12.6934,46.26,54,47,9.46,scattered clouds
143,East London,ZA,-33.0153,27.9116,65.34,94,75,5.75,broken clouds
144,Diego De Almagro,CL,-26.3667,-70.05,60.67,61,0,0.36,clear sky
145,Maniitsoq,GL,65.4167,-52.9,18.97,67,100,5.3,overcast clouds
146,Vestmannaeyjar,IS,63.4427,-20.2734,47.53,85,92,42.12,overcast clouds
147,Arraial Do Cabo,BR,-22.9661,-42.0278,71.15,72,28,10.83,scattered clouds
148,Klimovo,RU,52.3805,32.1923,25.77,74,89,10.85,overcast clouds
149,Hambantota,LK,6.1241,81.1185,84.54,84,40,2.3,scattered clouds
150,Esperance,AU,-33.8667,121.9,65.82,68,49,16.08,scattered clouds
151,Upernavik,GL,72.7868,-56.1549,11.37,93,100,14.12,overcast clouds
152,Boueni,YT,-12.9025,45.0761,82.38,74,70,5.55,broken clouds
153,Faanui,PF,-16.4833,-151.75,79.95,70,99,0.87,overcast clouds
154,Puerto Ayora,EC,-0.7393,-90.3518,67.55,93,97,4.0,overcast clouds
155,Pavlohrad,UA,48.5167,35.8667,44.4,98,100,2.91,overcast clouds
156,Katherine,AU,-14.4667,132.2667,79.12,69,100,18.41,light rain
157,Saint-Augustin,CA,51.226,-58.6502,25.56,84,100,4.18,overcast clouds
158,Langsa,ID,4.4683,97.9683,80.76,86,100,1.25,overcast clouds
159,Montoro,ES,38.0241,-4.3834,62.28,88,100,11.21,overcast clouds
160,Clyde River,CA,70.4692,-68.5914,-3.77,77,100,11.5,overcast clouds
161,Toktogul,KG,41.8708,72.9402,35.6,72,74,1.16,broken clouds
162,Raudeberg,NO,61.9875,5.1352,47.07,43,0,6.31,clear sky
163,Kindu,CD,-2.95,25.95,69.76,97,64,1.45,broken clouds
164,Rongcheng,CN,30.634,117.8517,59.76,79,100,2.26,overcast clouds
165,Cabedelo,BR,-6.9811,-34.8339,75.87,81,21,8.77,few clouds
166,Vila,PT,42.0304,-8.1588,47.7,95,100,7.27,overcast clouds
167,Thompson,CA,55.7435,-97.8558,14.16,85,100,14.97,light snow
168,Winsum,NL,53.33,6.5208,45.09,90,100,31.7,light rain
169,Pangnirtung,CA,66.1451,-65.7125,-3.17,84,71,3.49,broken clouds
170,Artyshta,RU,54.1222,86.2909,20.75,84,91,17.38,overcast clouds
171,Oktyabrskiy,RU,54.4815,53.471,19.83,89,97,4.68,overcast clouds
172,Pacific Grove,US,36.6177,-121.9166,57.42,59,0,8.05,clear sky
173,Ulladulla,AU,-35.35,150.4667,60.44,60,26,12.77,scattered clouds
174,Yumen,CN,40.2833,97.2,42.66,22,44,30.09,scattered clouds
175,Kununurra,AU,-15.7667,128.7333,94.98,46,56,8.05,broken clouds
176,Roebourne,AU,-20.7833,117.1333,83.14,39,6,21.54,clear sky
177,Am Timan,TD,11.0297,20.2827,74.37,32,52,5.44,broken clouds
178,Bengkulu,ID,-3.8004,102.2655,81.46,70,100,10.92,light rain
179,Isangel,VU,-19.55,169.2667,81.16,73,93,6.8,overcast clouds
180,Souillac,MU,-20.5167,57.5167,75.58,57,75,3.44,broken clouds
181,Pedasi,PA,7.5333,-80.0333,77.07,87,90,10.25,light rain
182,Amos,CA,48.5669,-78.1162,19.6,91,100,6.58,overcast clouds
183,Vardo,NO,70.3705,31.1107,39.18,65,75,17.27,broken clouds
184,Adre,TD,13.4667,22.2,67.14,28,24,11.9,few clouds
185,Kroya,ID,-7.6331,109.2461,80.19,81,74,2.95,broken clouds
186,Fagernes,NO,60.9858,9.2324,27.91,82,61,2.57,broken clouds
187,Asau,RO,46.4333,26.4,36.52,85,100,1.48,overcast clouds
188,Nieuw Nickerie,SR,5.95,-56.9833,78.51,84,100,7.09,overcast clouds
189,Hithadhoo,MV,-0.6,73.0833,81.48,76,78,12.26,broken clouds
190,Lebu,CL,-37.6167,-73.65,55.24,94,71,8.48,broken clouds
191,Saint George,US,37.1041,-113.5841,45.19,48,0,1.99,clear sky
192,Provideniya,RU,64.3833,-173.3,33.46,99,100,7.94,snow
193,Lagoa,PT,39.05,-27.9833,59.9,66,100,22.26,overcast clouds
194,Dingle,PH,10.9995,122.6711,84.04,75,73,11.81,broken clouds
195,Birin,NP,26.8865,88.0718,60.49,60,14,5.21,few clouds
196,Skreia,NO,60.65,10.9333,31.33,85,96,3.09,overcast clouds
197,Roald,NO,62.5833,6.1333,50.14,34,0,18.41,clear sky
198,Champerico,GT,14.3,-91.9167,79.39,78,76,5.21,broken clouds
199,Salalah,OM,17.0151,54.0924,80.69,61,0,1.14,clear sky
200,Hasaki,JP,35.7333,140.8333,62.22,58,96,15.1,overcast clouds
201,Hastings,GB,50.8552,0.5729,50.29,91,99,31.47,overcast clouds
202,Coihaique,CL,-45.5752,-72.0662,51.75,82,0,8.05,clear sky
203,Dikson,RU,73.5069,80.5464,0.93,93,100,24.7,overcast clouds
204,Moose Factory,CA,51.2585,-80.6094,15.8,85,75,6.91,broken clouds
205,Suluq,LY,31.6682,20.2521,61.75,50,0,10.45,clear sky
206,Weligama,LK,5.9667,80.4167,85.32,58,58,4.72,broken clouds
207,Kaitangata,NZ,-46.2817,169.8464,54.5,90,96,5.86,overcast clouds
208,Adolfo Lopez Mateos,MX,28.4667,-107.3,36.93,61,0,5.06,clear sky
209,Saint Simons,US,31.1352,-81.3901,51.84,63,0,11.5,clear sky
210,Kodiak,US,57.79,-152.4072,44.11,93,100,18.41,overcast clouds
211,Oussouye,SN,12.485,-16.5469,76.1,78,42,6.62,scattered clouds
212,Gwembe,ZM,-16.4975,27.6069,76.62,54,0,4.34,clear sky
213,Tonantins,BR,-2.8731,-67.8022,72.28,99,97,2.53,overcast clouds
214,Adrar,MR,20.5022,-10.0711,68.41,20,0,10.92,clear sky
215,Broken Hill,AU,-31.95,141.4333,68.43,28,0,7.96,clear sky
216,Maoming,CN,21.65,110.9,83.75,60,33,14.47,scattered clouds
217,Rio Gallegos,AR,-51.6226,-69.2181,51.85,58,0,14.97,clear sky
218,Bosaso,SO,11.2842,49.1816,80.58,69,0,4.61,clear sky
219,Domoni,KM,-12.2569,44.5319,81.64,69,42,4.34,scattered clouds
220,Chuy,UY,-33.6971,-53.4616,58.44,80,1,4.54,clear sky
221,Avera,US,33.194,-82.5271,45.91,49,100,13.71,overcast clouds
222,Pisco,PE,-13.7,-76.2167,62.65,82,0,8.05,clear sky
223,Burdur,TR,37.7203,30.2908,29.1,80,75,0.0,broken clouds
224,Mayya,RU,61.7333,130.2811,-27.69,93,49,6.2,scattered clouds
225,Volksrust,ZA,-27.3654,29.8818,72.79,46,35,6.98,scattered clouds
226,Tabou,CI,4.423,-7.3528,76.46,85,36,3.65,scattered clouds
227,Kudahuvadhoo,MV,2.6708,72.8944,81.7,74,97,13.04,overcast clouds
228,Margate,GB,51.3813,1.3862,48.9,95,100,5.99,light rain
229,Port Blair,IN,11.6667,92.75,78.84,89,75,4.61,broken clouds
230,Hailar,CN,49.2,119.7,26.44,75,67,14.27,broken clouds
231,Vila Velha,BR,-20.3297,-40.2925,71.55,98,75,1.14,broken clouds
232,Shingu,JP,33.7333,135.9833,62.47,57,87,4.56,overcast clouds
233,Villazon,BO,-22.0866,-65.5942,50.72,64,92,5.61,overcast clouds
234,Seaford,GB,50.7714,0.1027,49.69,92,91,33.33,overcast clouds
235,Kaeo,NZ,-35.1,173.7833,68.32,83,100,7.02,moderate rain
236,Leeton,AU,-34.5667,146.4,66.88,33,4,9.04,clear sky
237,Chokurdakh,RU,70.6333,147.9167,-13.5,95,98,5.57,overcast clouds
238,Marienburg,PL,54.0359,19.0266,32.88,81,8,8.86,clear sky
239,Bela Vista,BR,-22.1089,-56.5211,62.37,81,0,3.11,clear sky
240,Qandala,SO,11.472,49.8728,79.48,60,0,6.2,clear sky
241,Cap-Aux-Meules,CA,47.3821,-61.8597,42.82,100,100,25.32,overcast clouds
242,Phan Thiet,VN,10.9333,108.1,89.29,59,78,18.28,broken clouds
243,Sept-Iles,CA,50.2001,-66.3821,25.32,93,100,10.36,snow
244,Katsuura,JP,35.1333,140.3,60.39,65,96,13.58,overcast clouds
245,Ponta Delgada,PT,37.7333,-25.6667,60.49,77,40,10.36,scattered clouds
246,Sinnamary,GF,5.3833,-52.95,77.04,86,100,6.26,overcast clouds
247,Deputatskiy,RU,69.3,139.9,-30.1,100,75,2.51,broken clouds
248,Normandin,CA,48.8333,-72.5321,25.11,86,100,4.61,overcast clouds
249,Fortuna,US,40.5982,-124.1573,41.92,100,0,9.22,clear sky
250,San Quintin,MX,30.4833,-115.95,59.56,41,0,4.14,clear sky
251,Jasidih,IN,24.5167,86.65,80.28,34,0,9.82,clear sky
252,Necochea,AR,-38.5473,-58.7368,57.43,90,75,9.84,broken clouds
253,Batagay-Alyta,RU,67.8006,130.4114,-26.25,93,82,1.68,broken clouds
254,Lavrentiya,RU,65.5833,-171.0,33.48,96,100,13.38,snow
255,Namatanai,PG,-3.6667,152.4333,83.1,72,100,10.29,overcast clouds
256,Shiyan,CN,32.6475,110.7781,63.12,52,33,6.8,scattered clouds
257,Ambilobe,MG,-13.2,49.05,84.99,57,98,1.81,light rain
258,Port Hardy,CA,50.6996,-127.4199,30.38,100,20,3.44,few clouds
259,Wallacetown,NZ,-46.3333,168.2667,59.02,56,100,7.72,overcast clouds
260,Narsaq,GL,60.9167,-46.05,21.42,88,16,6.08,few clouds
261,Boddam,GB,57.4667,-1.7833,52.18,85,100,36.15,overcast clouds
262,Leeuwarden,NL,53.2014,5.8086,46.98,94,100,25.32,light intensity drizzle
263,Trat,TH,12.5,102.5,86.2,67,100,6.29,overcast clouds
264,Samarai,PG,-10.6167,150.6667,85.77,73,92,16.17,overcast clouds
265,Sungurlu,TR,40.1675,34.3739,47.71,44,16,3.96,few clouds
266,Kruisfontein,ZA,-34.0033,24.7314,64.89,58,80,9.4,broken clouds
267,Vostok,RU,46.4856,135.8833,26.74,75,96,3.13,overcast clouds
268,Gravdal,NO,68.1214,13.5031,37.29,75,0,4.61,clear sky
269,Luanda,AO,-8.8368,13.2343,75.2,83,75,3.44,broken clouds
270,Hobyo,SO,5.3505,48.5268,82.85,67,37,14.47,scattered clouds
271,Tura,IN,25.5198,90.2201,77.11,49,0,2.82,clear sky
272,Vila Franca Do Campo,PT,37.7167,-25.4333,60.19,77,82,11.03,broken clouds
273,Feijo,BR,-8.1642,-70.3536,71.65,99,97,1.43,overcast clouds
274,Talnakh,RU,69.4865,88.3972,-28.86,98,76,5.95,broken clouds
275,Havre-Saint-Pierre,CA,50.2334,-63.5986,26.6,93,100,18.41,light snow
276,Grand-Bourg,GP,15.8835,-61.3148,73.35,75,6,18.41,clear sky
277,Hualmay,PE,-11.0964,-77.6139,63.41,89,100,8.41,overcast clouds
278,Ketchikan,US,55.3422,-131.6461,41.14,86,4,6.02,clear sky
279,Broome,US,42.2506,-75.833,35.19,84,100,9.22,overcast clouds
280,Salur,IN,18.5333,83.2167,82.02,40,0,5.1,clear sky
281,Guerrero Negro,MX,27.9769,-114.0611,62.35,41,0,4.16,clear sky
282,Port-Cartier,CA,50.0334,-66.8654,25.02,95,100,14.18,snow
283,Ingham,US,42.6,-84.3833,32.88,86,98,7.25,overcast clouds
284,Vuktyl,RU,63.8567,57.3094,-13.56,92,5,4.97,clear sky
285,Okha,RU,53.5739,142.9478,19.33,86,14,7.18,few clouds
286,Taltal,CL,-25.4,-70.4833,61.34,86,49,2.8,scattered clouds
287,Mega,ET,4.05,38.3,67.98,43,8,13.4,clear sky
288,Buin,CL,-33.7333,-70.75,71.74,59,13,0.89,few clouds
289,Lata,PT,40.1629,-8.3327,62.92,97,100,8.34,overcast clouds
290,Haapiti,PF,-17.5667,-149.8667,80.33,76,85,4.5,overcast clouds
291,Virginia Beach,US,36.8529,-75.978,49.01,71,75,6.91,broken clouds
292,Ballina,AU,-28.8667,153.5667,70.02,53,5,10.67,clear sky
293,Castanos,MX,26.7833,-101.4167,45.34,52,100,4.12,overcast clouds
294,Yar-Sale,RU,66.8333,70.8333,5.74,88,95,10.71,overcast clouds
295,La Palma,US,33.8464,-118.0467,67.37,21,0,8.05,clear sky
296,Hengshui,CN,37.7322,115.7011,63.1,33,0,4.43,clear sky
297,Bambous Virieux,MU,-20.3428,57.7575,79.21,57,75,3.44,broken clouds
298,Mancio Lima,BR,-7.6142,-72.8958,70.48,96,97,1.83,overcast clouds
299,Champasak,LA,14.75,106.0,92.28,41,9,0.18,clear sky
300,Padang,ID,-0.9492,100.3543,73.45,84,100,4.41,light rain
301,Byron Bay,AU,-28.65,153.6167,69.94,50,13,12.03,few clouds
302,Coos Bay,US,43.3665,-124.2179,45.93,93,0,8.05,clear sky
303,Ust-Nera,RU,64.5667,143.2,-9.44,99,100,2.21,overcast clouds
304,Geraldton,AU,-28.7667,114.6,70.21,46,100,18.41,overcast clouds
305,Mackay,AU,-21.15,149.2,84.69,55,53,12.28,broken clouds
306,San Cristobal,VE,7.7669,-72.225,68.18,98,100,1.57,overcast clouds
307,Falam,MM,22.9167,93.6833,72.34,27,0,2.21,clear sky
308,Marawi,PH,7.9986,124.2928,73.15,83,100,3.04,moderate rain
309,Yazoo City,US,32.8551,-90.4056,37.71,68,40,7.09,scattered clouds
310,Havelock,US,34.8791,-76.9013,51.78,81,0,10.36,clear sky
311,Matay,EG,28.419,30.7792,64.24,48,88,2.51,overcast clouds
312,Khorramabad,IR,33.4878,48.3558,49.62,100,100,0.0,overcast clouds
313,Pribinic,BA,44.6106,17.6906,45.01,95,98,1.43,overcast clouds
314,Amahai,ID,-3.3333,128.9167,85.59,70,99,8.72,light rain
315,Kimbe,PG,-5.5502,150.1429,84.49,73,97,2.46,light rain
316,Gifhorn,DE,52.4833,10.55,43.0,92,100,21.85,overcast clouds
317,Nacala,MZ,-14.5428,40.6728,84.09,60,49,7.67,scattered clouds
318,Wajima,JP,37.4,136.9,56.08,82,75,9.22,broken clouds
319,Dekar,BW,-21.5333,21.9333,80.56,32,41,9.01,scattered clouds
320,Kodinsk,RU,58.6881,99.1844,30.24,87,100,10.58,overcast clouds
321,Saint-Joseph,RE,-21.3667,55.6167,77.38,60,10,4.27,clear sky
322,Jiuquan,CN,39.7432,98.5174,45.9,17,1,16.69,clear sky
323,Krasnokholm,RU,51.5979,54.1567,29.39,79,100,12.08,overcast clouds
324,Barentu,ER,15.1139,37.5928,78.21,35,60,3.15,broken clouds
325,Zhanakorgan,KZ,43.9098,67.2495,36.55,46,77,4.97,broken clouds
326,Fairbanks,US,64.8378,-147.7164,2.08,81,0,3.44,clear sky
327,Viedma,AR,-40.8135,-62.9967,55.62,68,1,10.51,clear sky
328,Tiarei,PF,-17.5333,-149.3333,80.62,75,74,1.63,broken clouds
329,Rovaniemi,FI,66.5,25.7167,11.61,92,75,3.44,fog
330,Gazli,UZ,40.1333,63.45,47.84,49,100,16.28,overcast clouds
331,Tautira,PF,-17.7333,-149.15,77.9,79,76,5.61,broken clouds
332,Rozivka,UA,46.9385,35.7724,45.72,89,65,9.01,broken clouds
333,Murray Bridge,AU,-35.1167,139.2667,72.12,34,0,6.24,clear sky
334,Dali,CN,25.7,100.1833,64.31,27,0,7.4,clear sky
335,Zyryanka,RU,65.75,150.85,-9.4,98,100,8.63,light snow
336,Klaksvik,FO,62.2266,-6.589,49.12,84,84,39.08,broken clouds
337,Aripuana,BR,-9.1667,-60.6333,71.22,97,61,1.9,broken clouds
338,Uray,RU,60.1247,64.7758,-2.51,80,20,2.42,few clouds
339,Luorong,CN,24.4058,109.6086,65.73,89,100,4.76,overcast clouds
340,Sao Joao Da Barra,BR,-21.6403,-41.0511,69.49,87,98,17.58,overcast clouds
341,Buluang,PH,13.3068,123.3425,83.89,74,95,4.41,overcast clouds
342,Severo-Kurilsk,RU,50.6789,156.125,34.05,67,99,5.93,overcast clouds
343,Bahia Honda,CU,22.9036,-83.1592,75.76,86,11,7.76,few clouds
344,Sobolevo,RU,54.4299,31.8996,24.21,82,16,4.36,few clouds
345,Ahipara,NZ,-35.1667,173.1667,64.47,89,100,7.23,overcast clouds
346,Polyarnyy,RU,69.1989,33.4478,26.8,83,73,6.71,broken clouds
347,Jertih,MY,5.7336,102.4897,86.79,66,100,3.4,overcast clouds
348,Mehamn,NO,71.0357,27.8492,44.55,76,75,17.27,broken clouds
349,Maceio,BR,-9.6658,-35.7353,74.64,94,40,8.05,scattered clouds
350,Batemans Bay,AU,-35.7167,150.1833,62.1,59,35,11.16,scattered clouds
351,Stornoway,GB,58.2093,-6.3865,48.16,81,75,6.91,broken clouds
352,Samsun,TR,41.25,36.3333,57.88,70,17,5.75,few clouds
353,Winnemucca,US,40.973,-117.7357,19.45,79,0,6.91,clear sky
354,Zaragoza,ES,41.6561,-0.8773,66.65,71,40,12.66,scattered clouds
355,Taut,RO,46.2833,21.9167,50.04,98,100,4.52,overcast clouds
356,Mitsamiouli,KM,-11.3847,43.2844,82.69,65,20,1.14,few clouds
357,Irbit,RU,57.6705,63.071,1.99,78,25,2.42,scattered clouds
358,El Dorado,US,38.7666,-120.5177,47.37,74,0,3.0,clear sky
359,Constitucion,CL,-35.3333,-72.4167,56.73,83,32,11.88,scattered clouds
360,San Rafael,AR,-34.6177,-68.3301,70.84,55,47,5.64,scattered clouds
361,Road Town,VG,18.4167,-64.6167,78.89,73,3,15.08,clear sky
362,Kloulklubed,PW,7.0419,134.2556,79.3,78,100,8.79,light rain
363,Makakilo City,US,21.3469,-158.0858,75.56,68,0,0.0,clear sky
364,Sarangani,PH,5.4033,125.4636,80.62,79,100,18.1,light rain
365,Kahului,US,20.8947,-156.47,78.82,73,40,11.5,scattered clouds
366,Chenghai,CN,23.4632,116.768,82.31,61,20,4.47,few clouds
367,Nalut,LY,30.3333,10.85,58.98,31,56,9.06,broken clouds
368,Dunedin,NZ,-45.8742,170.5036,55.8,99,98,5.26,light rain
369,Kushima,JP,31.4583,131.2333,65.12,62,100,5.41,light rain
370,Chapais,CA,49.7834,-74.8492,17.38,95,100,4.21,light snow
371,Cherskiy,RU,68.75,161.3,1.49,97,100,3.78,light snow
372,Hearst,CA,49.6835,-83.6665,12.45,95,100,3.69,overcast clouds
373,Nantucket,US,41.2835,-70.0995,44.15,74,43,20.62,scattered clouds
374,Aranos,NA,-24.1333,19.1167,79.86,31,2,12.3,clear sky
375,Chicama,PE,-7.8447,-79.1469,59.54,86,99,4.14,overcast clouds
376,Lumby,CA,50.2498,-118.969,33.04,94,100,0.0,overcast clouds
377,Waingapu,ID,-9.6567,120.2641,86.85,67,84,8.52,broken clouds
378,Abu Kamal,SY,34.4506,40.9171,62.87,60,2,9.08,clear sky
379,Duluth,US,46.7833,-92.1066,28.08,80,100,13.8,overcast clouds
380,Bathsheba,BB,13.2167,-59.5167,81.21,83,40,13.8,scattered clouds
381,Progreso,MX,21.2833,-89.6667,77.05,85,60,10.4,light rain
382,Shenkursk,RU,62.1091,42.896,17.47,79,23,4.38,few clouds
383,Panjab,AF,34.388,67.0233,28.51,48,9,2.3,clear sky
384,Jumla,NP,29.2747,82.1838,57.65,23,1,5.37,clear sky
385,Columbus,US,39.9612,-82.9988,31.91,76,100,14.97,overcast clouds
386,Grand Gaube,MU,-20.0064,57.6608,79.38,53,23,5.01,few clouds
387,Trincomalee,LK,8.5711,81.2335,81.0,63,100,14.25,overcast clouds
388,Banda Aceh,ID,5.5577,95.3222,86.09,63,100,14.14,overcast clouds
389,Lafia,NG,8.4833,8.5167,71.8,55,12,2.35,few clouds
390,Touros,BR,-5.1989,-35.4608,76.91,74,8,10.36,clear sky
391,Kirensk,RU,57.7853,108.1119,31.46,83,100,11.74,overcast clouds
392,Farafangana,MG,-22.8167,47.8333,78.3,74,86,10.71,overcast clouds
393,Sainte-Rose,GP,16.3324,-61.6979,76.17,94,20,0.0,few clouds
394,La Ronge,CA,55.1001,-105.2842,10.65,72,100,21.85,light snow
395,Bakchar,RU,57.0186,82.0711,11.73,86,100,5.46,overcast clouds
396,Turukhansk,RU,65.8167,87.9833,-30.08,100,94,1.57,overcast clouds
397,Olinda,BR,-8.0089,-34.8553,74.93,83,100,3.44,overcast clouds
398,Norman Wells,CA,65.282,-126.8329,-2.16,84,40,0.0,scattered clouds
399,Tisul,RU,55.7611,88.3122,26.98,78,85,15.12,overcast clouds
400,Tomatlan,MX,19.9333,-105.25,69.73,78,0,2.91,clear sky
401,Payo,ID,-3.7508,103.6372,88.12,53,92,6.91,overcast clouds
402,Cabo San Lucas,MX,22.8909,-109.9124,73.51,72,48,1.01,scattered clouds
403,Sambava,MG,-14.2667,50.1667,78.87,72,20,6.26,light rain
404,Ilulissat,GL,69.2167,-51.1,6.28,83,100,4.34,overcast clouds
405,Bara,NG,10.3744,10.7288,68.81,37,63,6.11,broken clouds
406,Lapua,FI,62.9693,23.0088,29.1,96,88,2.35,overcast clouds
407,Koutiala,ML,12.3917,-5.4642,69.78,19,77,8.28,broken clouds
408,Lebowakgomo,ZA,-24.2,29.5,70.7,41,1,3.2,clear sky
409,Macusani,PE,-14.0833,-70.4333,32.43,84,29,0.22,scattered clouds
410,Anadyr,RU,64.75,177.4833,28.9,93,75,6.71,broken clouds
411,Katiola,CI,8.1333,-5.1,72.23,55,54,1.63,broken clouds
412,Alice Springs,AU,-23.7,133.8833,83.75,32,56,16.11,broken clouds
413,Kholmogory,RU,64.2229,41.656,19.56,96,81,2.82,broken clouds
414,Catamarca,AR,-28.4696,-65.7852,83.07,35,28,15.41,scattered clouds
415,Kampot,KH,10.6167,104.1833,87.85,71,94,5.79,overcast clouds
416,Sal Rei,CV,16.1833,-22.9167,76.01,80,35,6.64,scattered clouds
417,Nyurba,RU,63.2842,118.3319,4.5,94,98,3.38,overcast clouds
418,Nioro,GM,13.35,-15.75,74.01,76,52,3.56,broken clouds
419,Santa Rosa,PH,14.3122,121.1114,90.01,69,86,12.35,overcast clouds
420,Juba,SS,4.8517,31.5825,80.94,61,70,2.13,broken clouds
421,Smithers,CA,54.7804,-127.1743,28.72,80,0,5.75,clear sky
422,Quatre Cocos,MU,-20.2078,57.7625,79.09,54,25,8.9,scattered clouds
423,Karaton,ID,-6.3424,106.1045,71.22,93,100,5.01,overcast clouds
424,Laguna,US,38.421,-121.4238,52.77,79,0,0.0,clear sky
425,Alto Piquiri,BR,-24.0281,-53.4406,60.98,80,0,7.18,clear sky
426,Waw,SS,7.7029,27.9953,79.75,34,68,5.57,broken clouds
427,Neijiang,CN,29.5835,105.0622,65.39,52,48,5.35,scattered clouds
428,Morondava,MG,-20.2833,44.2833,81.97,65,3,3.36,clear sky
429,Luderitz,NA,-26.6481,15.1594,64.56,65,11,11.88,few clouds
430,Denpasar,ID,-8.65,115.2167,87.46,79,20,9.22,few clouds
431,Arona,ES,28.0996,-16.681,67.57,45,0,3.44,clear sky
432,Shakhtinsk,KZ,49.71,72.5872,19.76,83,98,14.56,overcast clouds
433,Semey,KZ,50.4111,80.2275,25.02,68,75,17.9,broken clouds
434,Srednekolymsk,RU,67.45,153.6833,-4.31,99,100,4.09,light snow
435,Gimli,CA,50.6336,-96.9907,19.42,93,100,2.3,overcast clouds
436,Gannan,CN,47.9147,123.5031,36.59,50,88,8.79,overcast clouds
437,Plettenberg Bay,ZA,-34.0527,23.3716,64.54,66,79,4.76,broken clouds
438,Taunggyi,MM,20.7833,97.0333,73.92,59,4,4.7,clear sky
439,Bala,PS,32.3339,35.1116,60.3,63,23,7.63,few clouds
440,Alberton,CA,46.8168,-64.0654,51.93,93,100,18.45,overcast clouds
441,Jalu,LY,29.0331,21.5482,60.8,40,0,10.29,clear sky
442,Bulaevo,KZ,54.9056,70.4439,9.97,85,100,7.27,overcast clouds
443,Bodaybo,RU,57.8506,114.1933,32.05,84,100,7.14,overcast clouds
444,Grindavik,IS,63.8424,-22.4338,48.67,71,75,25.32,broken clouds
445,Mount Gambier,AU,-37.8333,140.7667,60.42,59,89,8.9,overcast clouds
446,Negara,ID,-8.3151,114.6025,85.64,69,70,1.43,broken clouds
447,Sharjah,AE,25.3573,55.4033,82.38,57,0,6.91,clear sky
448,Teguldet,RU,57.3064,88.1667,20.86,89,100,7.25,light snow
449,Sabang,ID,5.8933,95.3214,81.95,76,97,23.53,overcast clouds
450,North Bend,US,43.4065,-124.2243,45.86,93,0,8.05,clear sky
451,Sulz,DE,48.3624,8.6331,54.07,100,97,14.36,overcast clouds
452,Livingston,GB,55.9029,-3.5226,45.88,98,75,3.44,light rain
453,Benalla,AU,-36.55,145.9833,65.86,54,9,8.63,clear sky
454,Sulangan,PH,11.1373,123.7228,80.46,84,94,15.05,heavy intensity rain
455,Wewak,PG,-3.5534,143.6268,85.05,68,99,8.48,overcast clouds
456,Glace Bay,CA,46.1969,-59.957,50.79,96,100,24.16,moderate rain
457,Ca Mau,VN,9.1769,105.15,86.0,71,93,11.16,overcast clouds
458,Lasa,IT,46.6166,10.7002,37.02,68,77,2.46,broken clouds
459,Yukuhashi,JP,33.7287,130.983,66.25,59,75,5.75,broken clouds
460,Tulagi,SB,-9.0996,160.1476,83.68,66,43,0.85,scattered clouds
461,Saldanha,ZA,-33.0117,17.9442,59.05,68,88,16.53,overcast clouds
462,Maua,BR,-23.6678,-46.4614,62.08,67,0,3.02,clear sky
463,Port Macquarie,AU,-31.4333,152.9167,67.89,52,17,15.99,few clouds
464,Lerwick,GB,60.1545,-1.1494,50.0,77,100,40.47,overcast clouds
465,Vangaindrano,MG,-23.35,47.6,76.51,77,96,6.33,light rain
466,Kamskiye Polyany,RU,55.4307,51.4171,18.41,86,70,8.72,broken clouds
467,Naze,JP,28.3667,129.4833,67.12,83,100,12.66,overcast clouds
468,Port Moresby,PG,-9.4431,147.1797,85.42,74,40,11.5,scattered clouds
469,Lima,PE,-12.0432,-77.0282,62.85,87,0,10.36,clear sky
470,Honiara,SB,-9.4333,159.95,83.12,77,62,0.81,heavy intensity rain
471,Isla Vista,US,34.4133,-119.861,60.82,48,6,3.69,clear sky
472,Maturin,VE,9.75,-63.1767,75.04,100,90,4.61,overcast clouds
473,Praia Da Vitoria,PT,38.7333,-27.0667,61.05,72,75,18.99,broken clouds
474,Ban Phai,TH,16.06,102.731,89.82,50,20,5.55,few clouds
475,Fez,MA,34.0372,-4.9998,52.05,53,0,3.44,clear sky
476,Cooma,AU,-36.2333,149.1333,56.75,43,3,11.18,clear sky
477,Kuldiga,LV,56.974,21.9572,31.69,79,27,2.77,scattered clouds
478,Ancud,CL,-41.8697,-73.8203,53.06,93,72,6.53,broken clouds
479,Kiunga,PG,-6.1219,141.2906,85.32,75,99,4.16,overcast clouds
480,Purna,IN,19.1833,77.05,78.69,35,0,5.21,clear sky
481,San Felipe,VE,10.3399,-68.7425,71.6,98,98,0.72,overcast clouds
482,Delmas,HT,18.5447,-72.3028,75.92,83,52,3.44,broken clouds
483,Kampen,NL,52.555,5.9111,51.96,95,100,20.96,light rain
484,Cascavel,BR,-24.9558,-53.4553,55.83,77,0,5.82,clear sky
485,Zakamensk,RU,50.3741,103.2863,30.33,52,52,1.97,broken clouds
486,Eureka,US,40.8021,-124.1637,42.19,64,42,3.51,scattered clouds
487,Tingo Maria,PE,-9.2895,-76.0088,66.79,97,100,1.43,overcast clouds
488,Toora-Khem,RU,52.4675,96.11,22.39,82,100,12.41,light snow
489,Husavik,IS,66.0449,-17.3389,45.03,79,100,23.42,overcast clouds
490,Daru,PG,-9.0763,143.2092,85.23,74,93,8.95,overcast clouds
491,Qianan,CN,44.9932,124.0581,38.86,72,62,10.51,broken clouds
492,Constantine,DZ,36.365,6.6147,60.21,72,75,12.66,broken clouds
493,Pringsewu,ID,-5.3582,104.9744,85.75,60,99,2.08,overcast clouds
494,Ratnagiri,IN,16.9833,73.3,86.56,36,0,3.87,clear sky
495,Ayan,RU,56.45,138.1667,15.44,50,3,1.68,clear sky
496,Bolshaya Sosnova,RU,57.6713,54.6029,12.54,79,28,5.61,scattered clouds
497,Vestmanna,FO,62.1564,-7.1664,47.32,87,75,31.07,broken clouds
498,Kenai,US,60.5544,-151.2583,32.14,84,0,5.75,clear sky
499,Nuevo Progreso,MX,23.1667,-97.95,54.46,79,100,4.0,overcast clouds
500,Kostomuksha,RU,64.571,30.5767,28.4,94,73,1.97,broken clouds
501,Bulgan,MN,48.8125,103.5347,31.66,32,61,4.23,broken clouds
502,Lamar,US,33.6668,-95.5836,38.35,75,0,5.75,clear sky
503,Pulaski,US,34.7668,-92.3001,37.09,56,0,8.01,clear sky
504,Altamira,BR,-3.2033,-52.2064,77.94,72,93,1.1,overcast clouds
505,Manggar,ID,-2.8833,108.2667,84.49,70,98,13.0,overcast clouds
506,Huarmey,PE,-10.0681,-78.1522,63.95,89,99,8.34,overcast clouds
507,Mayo,US,38.8876,-76.5119,43.99,59,100,10.36,overcast clouds
508,Kohima,IN,25.6667,94.1167,65.17,43,0,3.67,clear sky
509,Dukat,RU,62.55,155.55,-26.34,96,30,3.09,scattered clouds
510,Sao Miguel Do Araguaia,BR,-13.275,-50.1628,71.89,84,7,4.41,clear sky
511,Carutapera,BR,-1.195,-46.02,76.37,85,100,4.83,overcast clouds
512,Rundu,NA,-17.9333,19.7667,78.85,44,41,4.16,scattered clouds
513,Tual,ID,-5.6667,132.75,83.79,70,100,2.3,overcast clouds
514,Perth,AU,-31.9333,115.8333,67.01,83,75,24.16,light rain
515,Waterloo,CA,43.4668,-80.5164,28.47,96,20,5.75,mist
516,Marsabit,KE,2.3284,37.9899,69.46,64,35,15.46,scattered clouds
517,Navalmoral De La Mata,ES,39.8916,-5.5406,60.96,94,100,12.95,overcast clouds
518,Trairi,BR,-3.2778,-39.2689,78.87,71,59,11.21,broken clouds
519,Poum,NC,-20.2333,164.0167,80.53,78,100,7.09,overcast clouds
520,Rocha,UY,-34.4833,-54.3333,58.59,69,17,6.35,few clouds
521,Vryburg,ZA,-26.9566,24.7284,77.11,17,1,4.09,clear sky
522,Asfi,MA,32.2994,-9.2372,63.32,85,40,1.83,scattered clouds
523,Anloga,GH,5.7947,0.8973,80.47,76,79,8.86,broken clouds
524,Lubango,AO,-14.9172,13.4925,66.72,56,61,2.46,broken clouds
525,Novyy Nekouz,RU,57.9029,38.07,26.2,92,100,4.92,overcast clouds
526,Tuatapere,NZ,-46.1333,167.6833,56.35,92,100,3.98,overcast clouds
527,Hun,LY,29.1268,15.9477,61.09,30,0,5.46,clear sky
528,Kafr Sawm,JO,32.6833,35.8,57.09,67,40,4.07,scattered clouds
529,Clacton-On-Sea,GB,51.7897,1.156,51.03,94,99,4.0,light rain
530,Muskogee,US,35.5834,-95.3336,25.02,80,0,0.94,clear sky
531,Pombas,CV,17.1503,-25.0201,71.38,65,5,5.44,clear sky
532,Moyale,KE,3.5167,39.0584,73.22,57,0,7.78,clear sky
533,Kungurtug,RU,50.5994,97.5228,34.84,45,99,11.32,overcast clouds
534,Pallasovka,RU,50.05,46.8833,36.45,97,100,8.3,light rain
535,Severnyy,RU,50.677,36.5532,28.44,93,100,11.18,heavy snow
536,Wyndham,US,37.6985,-77.6125,40.87,73,52,1.99,broken clouds
537,Harper,LR,4.375,-7.7169,76.55,85,35,4.34,scattered clouds
538,Kamenka,RU,51.3223,42.7678,32.29,99,100,4.47,light snow
539,Lyuban,BY,52.7985,28.0048,26.26,78,22,9.93,few clouds
540,Tinde,TZ,-3.8833,33.2,70.38,73,99,4.74,light rain
541,Usumatlan,GT,14.95,-89.7833,71.02,94,24,3.04,few clouds
542,Komsomolskiy,UZ,40.4272,71.7189,43.52,65,11,2.3,few clouds
543,Oga,IT,46.4631,10.347,30.81,78,79,3.96,broken clouds
544,Rodeo,US,38.033,-122.2669,58.53,46,96,1.01,overcast clouds
545,Riyadh,SA,24.6877,46.7219,69.94,23,92,16.62,overcast clouds
546,Kintampo,GH,8.0563,-1.7306,68.18,54,43,0.76,scattered clouds
547,Santa Isabel Do Rio Negro,BR,-0.4139,-65.0192,73.18,99,99,0.98,overcast clouds
548,Palmer,US,42.1584,-72.3287,36.55,83,93,4.63,overcast clouds
549,Tatarskaya Pishlya,RU,54.0608,44.8998,26.31,89,100,12.46,overcast clouds
550,Visnes,NO,59.3556,5.2242,45.21,45,0,17.27,clear sky
551,Chernyshevskiy,RU,63.0128,112.4714,-1.61,89,97,2.44,overcast clouds
552,Iquitos,PE,-3.7481,-73.2472,71.64,94,0,1.14,clear sky
553,Lumeje,AO,-11.55,20.7833,66.83,89,99,3.71,overcast clouds
554,Charters Towers,AU,-20.1,146.2667,93.61,15,67,11.14,broken clouds
555,Manaus,BR,-3.1019,-60.025,79.3,100,0,2.3,clear sky
556,Sakakah,SA,29.9697,40.2064,62.17,55,100,7.43,light rain
557,Sungairaya,ID,0.7,108.9,87.48,61,73,8.01,broken clouds
558,Mujiayingzi,CN,42.1167,118.7833,43.47,57,2,5.46,clear sky
559,Kiruna,SE,67.8557,20.2251,11.32,67,0,9.22,clear sky
560,Miranda,CO,3.2499,-76.2281,66.33,95,100,2.13,overcast clouds
561,Russell,US,32.3502,-85.1999,43.2,62,100,6.24,overcast clouds
562,Ostrovnoy,RU,68.0531,39.5131,32.68,92,95,18.63,overcast clouds
563,Hami,CN,42.8,93.45,45.19,32,100,8.48,overcast clouds
564,Sinjai,ID,-5.1241,120.253,83.41,76,100,4.07,overcast clouds
565,Anguillara Sabazia,IT,42.0875,12.2767,56.37,99,52,3.89,broken clouds
566,Uyuni,BO,-20.4597,-66.825,47.66,47,26,5.01,scattered clouds
567,Tarakan,ID,3.3,117.6333,85.5,70,40,4.61,scattered clouds
568,Beni Suef,EG,29.0731,31.0979,64.38,53,21,2.06,few clouds
569,Dhidhdhoo,MV,6.8833,73.1,81.9,73,36,7.65,scattered clouds
570,Gawler,AU,-34.6,138.7333,75.09,44,0,8.25,clear sky
571,Bathurst,AU,-33.4166,149.5806,62.96,43,6,1.01,clear sky
572,Arman,RU,59.7,150.1667,5.02,87,100,9.06,overcast clouds
573,Pasni,PK,25.2631,63.471,83.64,35,4,8.84,clear sky
574,Rantauprapat,ID,2.1,99.8333,86.59,68,100,1.1,overcast clouds
575,Tete,MZ,-16.1564,33.5867,80.69,65,20,8.05,few clouds
576,Juneau,US,58.3019,-134.4197,38.21,100,75,0.0,mist
577,Kokoda,PG,-8.8785,147.7407,82.6,84,97,3.06,overcast clouds
578,Namwala,ZM,-15.7504,26.4384,78.28,55,0,2.04,clear sky
579,Bafoulabe,ML,13.8065,-10.8321,76.55,23,79,2.73,broken clouds
580,Bellevue,US,47.6104,-122.2007,43.56,84,24,3.0,few clouds
581,Klyuchi,RU,52.2667,79.1667,23.83,72,100,14.99,overcast clouds
582,Gizo,SB,-8.103,156.8419,84.02,68,43,2.73,scattered clouds
583,Dharchula,IN,29.85,80.5333,67.19,29,0,6.06,clear sky
584,Lake City,US,30.1897,-82.6393,50.63,61,0,11.5,clear sky
585,Bairnsdale,AU,-37.8333,147.6167,64.06,58,34,4.0,scattered clouds
586,Cuiaba,BR,-15.5961,-56.0967,75.13,69,0,5.75,clear sky
587,Najran,SA,17.4924,44.1277,68.65,22,21,4.36,few clouds
588,Thinadhoo,MV,0.5333,72.9333,81.57,71,79,13.44,broken clouds
589,Springbok,ZA,-29.6643,17.8865,61.12,53,52,1.5,broken clouds
590,Monteagudo,BO,-19.8167,-63.9833,63.3,68,73,1.7,broken clouds
591,Khorixas,NA,-20.3667,14.9667,73.17,33,77,4.9,broken clouds
592,Mindelo,CV,16.8901,-24.9804,72.95,88,20,11.5,few clouds
593,Frontera,MX,26.9333,-101.45,47.32,52,100,3.56,overcast clouds
594,Banyo,CM,6.75,11.8167,68.13,52,88,2.06,overcast clouds
595,Aswan,EG,24.0934,32.907,60.1,41,0,5.75,clear sky
596,Lorengau,PG,-2.0226,147.2712,84.43,62,91,8.57,overcast clouds
597,Santo Antonio Do Leverger,BR,-15.8656,-56.0767,75.58,43,1,2.53,clear sky
598,Nador,MA,35.174,-2.9287,68.25,83,40,5.75,scattered clouds
599,Pietermaritzburg,ZA,-29.6168,30.3928,62.69,88,100,2.93,overcast clouds
600,Araouane,ML,18.9048,-3.5265,67.15,15,100,10.87,overcast clouds
601,Abu Samrah,SY,35.3029,37.1841,58.46,71,100,1.81,overcast clouds
602,Rawson,AR,-43.3002,-65.1023,59.36,53,39,18.48,scattered clouds
603,Warmbad,NA,-28.45,18.7333,66.45,47,8,3.24,clear sky
604,Bustamante,MX,26.5333,-100.5,46.83,62,100,2.59,overcast clouds
605,Esso,RU,55.9333,158.7,3.94,94,11,4.72,few clouds
606,Gallup,US,35.5281,-108.7426,25.84,44,0,0.81,clear sky
607,Qasigiannguit,GL,68.8193,-51.1922,9.16,90,100,3.6,overcast clouds
608,Kitwe,ZM,-12.7961,28.2477,73.02,66,42,3.83,scattered clouds
609,Svetlogorsk,BY,52.6333,29.7333,25.9,77,29,9.24,scattered clouds
610,Nome,US,64.5011,-165.4064,32.16,84,81,17.92,broken clouds
611,Esperantinopolis,BR,-4.8667,-44.7083,75.79,87,99,2.84,overcast clouds
612,Basar,IN,27.9833,94.6667,76.82,32,45,1.16,scattered clouds
613,Bogorodskoye,RU,56.55,37.8833,25.65,92,100,3.04,overcast clouds
614,Flin Flon,CA,54.7682,-101.865,13.73,90,100,14.45,light snow
615,Bendigo,AU,-36.7667,144.2833,63.86,46,94,5.99,overcast clouds
616,Westport,US,41.1415,-73.3579,40.91,71,87,5.99,overcast clouds
617,Doctor Juan Manuel Frutos,PY,-25.3667,-55.8,60.15,78,0,3.8,clear sky
618,Mazyr,BY,52.0495,29.2456,26.91,75,90,10.85,overcast clouds
619,Iquique,CL,-20.2208,-70.1431,64.44,83,42,0.74,scattered clouds
620,Pangoa,PE,-12.1167,-73.0,66.33,99,100,2.73,overcast clouds
621,Florenville,BE,49.6998,5.3074,49.39,88,96,17.81,light rain
622,Olafsvik,IS,64.8945,-23.7142,44.13,77,83,22.62,broken clouds
623,High Level,CA,58.5169,-117.136,-5.69,84,0,0.0,fog
624,San Policarpo,PH,12.1791,125.5072,77.99,91,100,5.1,moderate rain
625,Calama,CL,-22.4667,-68.9333,45.09,33,0,13.8,clear sky
626,Baijiantan,CN,45.6333,85.1833,40.62,30,100,17.13,overcast clouds
627,Fayaoue,NC,-20.65,166.5333,79.66,80,82,9.28,broken clouds
628,Bagdarin,RU,54.4333,113.6,28.78,57,42,3.29,scattered clouds
629,Astana,KZ,51.1801,71.446,21.15,79,75,15.66,broken clouds
630,Millbrook,US,32.4799,-86.3619,43.16,82,0,0.0,clear sky
631,Huambo,AO,-12.7761,15.7392,62.44,84,84,2.57,broken clouds
632,Almaznyy,RU,48.0448,40.045,38.44,96,100,9.35,light rain
633,Vorobyevka,RU,50.6451,40.9245,34.88,97,100,5.41,light snow
634,Brae,GB,60.3964,-1.353,47.43,75,100,37.85,overcast clouds
635,Bharatpur,IN,27.2167,77.4833,76.78,25,0,9.19,clear sky
636,Paamiut,GL,61.994,-49.6678,12.22,76,74,8.39,broken clouds
637,Licheng,CN,23.2955,113.8284,86.32,51,22,2.48,few clouds
638,Gat,IL,31.61,34.7642,65.39,100,27,8.1,scattered clouds
639,Eydhafushi,MV,5.1033,73.0708,81.37,75,83,12.3,broken clouds
640,Cap Malheureux,MU,-19.9842,57.6142,79.47,53,21,10.0,few clouds
641,Ocos,GT,14.5094,-92.1933,79.56,79,86,3.94,overcast clouds
642,Awbari,LY,26.5921,12.7805,58.15,34,0,5.44,clear sky
643,Sur,OM,22.5667,59.5289,81.64,56,6,6.38,clear sky
644,Ilovka,RU,50.7053,38.637,30.15,98,100,11.12,light snow
645,Ponnani,IN,10.767,75.9252,85.32,63,63,1.03,broken clouds
646,Yining,CN,29.0361,114.5636,63.09,75,100,0.51,overcast clouds
647,Sweetwater,US,25.7634,-80.3731,77.0,95,59,7.54,broken clouds
648,Vung Tau,VN,10.346,107.0843,84.2,72,87,15.32,overcast clouds
649,Winchester,GB,51.0651,-1.3187,48.65,89,100,13.8,light rain
650,Mildura,AU,-34.2,142.15,73.08,39,0,8.08,clear sky
651,Dhuburi,IN,26.0333,89.9667,78.4,59,0,6.8,clear sky
652,Elko,US,41.0002,-115.5012,14.23,91,9,1.01,clear sky
653,Lebanon,US,36.2081,-86.2911,35.13,64,100,6.91,overcast clouds
654,Tagusao,PH,9.1924,117.8141,85.98,67,100,4.07,overcast clouds
655,Sistranda,NO,63.7256,8.834,42.76,55,4,11.27,clear sky
656,Voh,NC,-20.9667,164.7,81.12,73,100,4.34,overcast clouds
657,Washington,US,47.5001,-120.5015,30.18,78,78,2.8,broken clouds
658,Bam,IR,29.106,58.357,71.46,25,15,2.24,few clouds
659,Yagodnoye,RU,62.55,149.6667,-28.07,100,72,2.68,broken clouds
660,Casas Grandes,MX,30.3667,-107.95,38.44,54,7,5.91,clear sky
661,Preobrazheniye,RU,42.9019,133.9064,43.05,65,47,7.99,scattered clouds
662,Vouliagmeni,GR,37.8167,23.7833,65.52,78,20,6.91,few clouds
663,Elk,PL,53.8282,22.3647,26.67,83,34,9.35,scattered clouds
664,Mahanoro,MG,-19.9,48.8,79.39,72,73,10.04,broken clouds
665,Port Keats,AU,-14.25,129.55,86.41,60,74,3.67,broken clouds
666,Azare,NG,11.6765,10.1948,65.37,29,0,6.33,clear sky
667,Parangan,PH,5.0839,119.9383,83.34,71,96,4.16,overcast clouds
668,Leh,IN,34.1667,77.5833,22.21,62,90,1.36,overcast clouds
669,Morros,BR,-9.4467,-46.3003,69.58,92,96,2.73,overcast clouds
670,Rairangpur,IN,22.2676,86.1751,79.25,39,0,5.88,clear sky
671,Xuchang,CN,34.0167,113.8167,66.06,32,0,6.55,clear sky
672,Surt,LY,31.2089,16.5887,65.25,39,0,16.8,clear sky
673,Dicabisagan,PH,17.0818,122.4157,79.3,86,99,6.87,light rain
674,Chimore,BO,-16.9833,-65.1333,76.89,63,54,1.86,broken clouds
675,Hannibal,US,39.7084,-91.3585,29.32,69,100,6.91,overcast clouds
676,Vannes,FR,47.8333,-2.5,50.61,83,48,16.69,scattered clouds
677,Narrabri,AU,-30.3167,149.7833,73.53,34,1,1.01,clear sky
678,Purpe,RU,64.4803,76.6897,4.24,95,100,14.61,light snow
679,College,US,64.8569,-147.8028,2.07,87,39,3.76,scattered clouds
680,Molepolole,BW,-24.4066,25.4951,81.88,29,0,8.66,clear sky
681,Gamboula,CF,4.1178,15.1393,69.51,83,97,2.19,overcast clouds
682,Umm Lajj,SA,25.0213,37.2685,75.78,52,100,10.85,overcast clouds
683,Vila Do Maio,CV,15.1333,-23.2167,77.4,72,55,8.81,broken clouds
684,Manhattan,US,40.7834,-73.9662,40.62,67,85,17.0,overcast clouds
685,Shenzhen,CN,22.5455,114.0683,81.14,70,47,5.12,scattered clouds
686,Holoby,UA,51.0865,25.0077,32.05,84,100,13.47,overcast clouds
687,Requena,ES,39.4883,-1.1004,59.52,84,98,25.97,overcast clouds
688,Half Moon Bay,US,37.4636,-122.4286,59.02,50,0,8.05,clear sky
689,Galesong,ID,-5.3166,119.3661,87.82,67,100,5.66,overcast clouds
690,Sume,BR,-7.6717,-36.88,70.86,74,6,8.86,clear sky
691,Santa Cruz,BO,-17.8,-63.1667,72.5,59,38,3.36,scattered clouds
692,Coracora,PE,-15.0333,-73.7833,55.11,49,100,4.94,overcast clouds
693,Halifax,CA,44.6453,-63.5724,53.69,95,100,18.41,overcast clouds
694,Colares,PT,38.7992,-9.4469,66.76,96,98,18.01,overcast clouds
695,Egersund,NO,58.4513,5.9997,43.38,79,100,30.71,overcast clouds
696,Garmsar,IR,35.2182,52.3409,58.55,40,75,4.12,broken clouds
697,Jeremie,HT,18.65,-74.1167,78.28,84,17,3.58,few clouds
